Date,Open,High,Low,Close,Adj Close,Volume
31-12-2019,1842,1853.26001,1832.22998,1847.839966,1847.839966,2506500
02-01-2020,1875,1898.01001,1864.150024,1898.01001,1898.01001,4029000
03-01-2020,1864.5,1886.199951,1864.5,1874.969971,1874.969971,3764400
06-01-2020,1860,1903.689941,1860,1902.880005,1902.880005,4061800
07-01-2020,1904.5,1913.890015,1892.040039,1906.859985,1906.859985,4044900
08-01-2020,1898.040039,1911,1886.439941,1891.969971,1891.969971,3508000
09-01-2020,1909.890015,1917.819946,1895.800049,1901.050049,1901.050049,3167300
10-01-2020,1905.369995,1906.939941,1880,1883.160034,1883.160034,2853700
13-01-2020,1891.310059,1898,1880.800049,1891.300049,1891.300049,2780800
14-01-2020,1885.880005,1887.109985,1858.550049,1869.439941,1869.439941,3440900
15-01-2020,1872.25,1878.859985,1855.089966,1862.02002,1862.02002,2896600
16-01-2020,1882.98999,1885.589966,1866.02002,1877.939941,1877.939941,2659500
17-01-2020,1885.890015,1886.640015,1857.25,1864.719971,1864.719971,3997300
21-01-2020,1865,1894.27002,1860,1892,1892,3707800
22-01-2020,1896.089966,1902.5,1883.339966,1887.459961,1887.459961,3216300
23-01-2020,1885.109985,1889.97998,1872.76001,1884.579956,1884.579956,2484600
24-01-2020,1891.369995,1894.98999,1847.439941,1861.640015,1861.640015,3766200
27-01-2020,1820,1841,1815.339966,1828.339966,1828.339966,3528500
28-01-2020,1840.5,1858.109985,1830.02002,1853.25,1853.25,2808000
29-01-2020,1864,1874.75,1855.02002,1858,1858,2088000
30-01-2020,1858,1872.869995,1850.609985,1870.680054,1870.680054,6327400
31-01-2020,2051.469971,2055.719971,2002.27002,2008.719971,2008.719971,15567300
03-02-2020,2010.599976,2048.5,2000.25,2004.199951,2004.199951,5891700
04-02-2020,2029.880005,2059.800049,2015.369995,2049.669922,2049.669922,5289300
05-02-2020,2071.02002,2071.02002,2032,2039.869995,2039.869995,4376200
06-02-2020,2041.02002,2056.300049,2024.800049,2050.22998,2050.22998,3183000
07-02-2020,2041.98999,2098.530029,2038.099976,2079.280029,2079.280029,5095300
10-02-2020,2085.01001,2135.600098,2084.959961,2133.909912,2133.909912,5056200
11-02-2020,2150.899902,2185.949951,2136,2150.800049,2150.800049,5746000
12-02-2020,2163.199951,2180.25,2155.290039,2160,2160,3334300
13-02-2020,2144.98999,2170.280029,2142,2149.870117,2149.870117,3031800
14-02-2020,2155.679932,2159.040039,2125.889893,2134.870117,2134.870117,2606200
18-02-2020,2125.02002,2166.070068,2124.110107,2155.669922,2155.669922,2945600
19-02-2020,2167.800049,2185.100098,2161.120117,2170.219971,2170.219971,2561200
20-02-2020,2173.070068,2176.790039,2127.449951,2153.100098,2153.100098,3131300
21-02-2020,2142.149902,2144.550049,2088,2095.969971,2095.969971,4646300
24-02-2020,2003.180054,2039.300049,1987.969971,2009.290039,2009.290039,6547000
25-02-2020,2026.420044,2034.599976,1958.420044,1972.73999,1972.73999,6219100
26-02-2020,1970.280029,2014.670044,1960.449951,1979.589966,1979.589966,5224600
27-02-2020,1934.380005,1975,1882.76001,1884.300049,1884.300049,8144000
28-02-2020,1814.630005,1889.76001,1811.130005,1883.75,1883.75,9481000
02-03-2020,1906.48999,1954.51001,1870,1953.949951,1953.949951,6761700
03-03-2020,1975.369995,1996.329956,1888.089966,1908.98999,1908.98999,7534500
04-03-2020,1946.569946,1978,1922,1975.829956,1975.829956,4772900
05-03-2020,1933,1960.719971,1910,1924.030029,1924.030029,4748200
06-03-2020,1875,1910.869995,1869.5,1901.089966,1901.089966,5273600
09-03-2020,1773.859985,1862.77002,1761.290039,1800.609985,1800.609985,7813200
10-03-2020,1870.880005,1894.27002,1818.170044,1891.819946,1891.819946,7133300
11-03-2020,1857.849976,1871.319946,1801.5,1820.859985,1820.859985,5624800
12-03-2020,1721.97998,1765,1675,1676.609985,1676.609985,11346200
13-03-2020,1755,1786.310059,1680.619995,1785,1785,8809700
16-03-2020,1641.51001,1759.449951,1626.030029,1689.150024,1689.150024,8917300
17-03-2020,1775.469971,1857.780029,1689.23999,1807.839966,1807.839966,10917100
18-03-2020,1750,1841.660034,1745,1830,1830,9645200
19-03-2020,1860,1945,1832.650024,1880.930054,1880.930054,10399900
20-03-2020,1926.310059,1957,1820.72998,1846.089966,1846.089966,9817900
23-03-2020,1827.75,1919.400024,1812,1902.829956,1902.829956,7808500
24-03-2020,1951.5,1955,1900.339966,1940.099976,1940.099976,7147100
25-03-2020,1920.689941,1950.26001,1885.780029,1885.839966,1885.839966,6479100
26-03-2020,1902,1956.48999,1889.290039,1955.48999,1955.48999,6221300
27-03-2020,1930.859985,1939.790039,1899.920044,1900.099976,1900.099976,5387900
30-03-2020,1922.829956,1973.630005,1912.339966,1963.949951,1963.949951,6126100
31-03-2020,1964.349976,1993.02002,1944.01001,1949.719971,1949.719971,5123600
01-04-2020,1932.969971,1944.959961,1893,1907.699951,1907.699951,4121900
02-04-2020,1901.640015,1927.530029,1890,1918.829956,1918.829956,4336000
03-04-2020,1911.150024,1926.329956,1889.150024,1906.589966,1906.589966,3609900
06-04-2020,1936,1998.52002,1930.02002,1997.589966,1997.589966,5773200
07-04-2020,2017.109985,2035.719971,1997.619995,2011.599976,2011.599976,5114000
08-04-2020,2021,2044,2011.150024,2043,2043,3977300
09-04-2020,2044.300049,2053,2017.660034,2042.76001,2042.76001,4646500
13-04-2020,2040,2180,2038,2168.870117,2168.870117,6716700
14-04-2020,2200.469971,2292,2186.209961,2283.320068,2283.320068,8087200
15-04-2020,2257.679932,2333.370117,2245,2307.679932,2307.679932,6866600
16-04-2020,2346,2461,2335,2408.189941,2408.189941,12038200
17-04-2020,2372.330078,2400,2316.02002,2375,2375,7930000
20-04-2020,2389.949951,2444.97998,2386.050049,2393.610107,2393.610107,5770700
21-04-2020,2416.610107,2428.310059,2279.659912,2328.120117,2328.120117,7476700
22-04-2020,2369,2394,2351,2363.48999,2363.48999,4212200
23-04-2020,2399.97998,2424.219971,2382.080078,2399.449951,2399.449951,5066600
24-04-2020,2417,2420.429932,2382,2410.219971,2410.219971,3824900
27-04-2020,2443.199951,2444.879883,2363,2376,2376,5645600
28-04-2020,2372.100098,2373.5,2306,2314.080078,2314.080078,5269400
29-04-2020,2330.01001,2391.889893,2310,2372.709961,2372.709961,4591600
30-04-2020,2419.840088,2475,2396.01001,2474,2474,9534600
01-05-2020,2336.800049,2362.439941,2258.189941,2286.040039,2286.040039,9772600
04-05-2020,2256.379883,2326.97998,2256.379883,2315.98999,2315.98999,4865900
05-05-2020,2340,2351,2307.129883,2317.800049,2317.800049,3242500
06-05-2020,2329.439941,2357.449951,2320,2351.26001,2351.26001,3117800
07-05-2020,2374.780029,2376,2343.110107,2367.610107,2367.610107,3396400
08-05-2020,2372.139893,2387.23999,2357,2379.610107,2379.610107,3206600
11-05-2020,2374.699951,2419.669922,2372.110107,2409,2409,3259200
12-05-2020,2411.850098,2419,2355,2356.949951,2356.949951,3074900
13-05-2020,2366.800049,2407.699951,2337.800049,2367.919922,2367.919922,4782900
14-05-2020,2361.01001,2391.370117,2353.209961,2388.850098,2388.850098,3648100
15-05-2020,2368.52002,2411,2356.370117,2409.780029,2409.780029,4235000
18-05-2020,2404.350098,2433,2384.01001,2426.26001,2426.26001,4357200
19-05-2020,2429.830078,2485,2428.969971,2449.330078,2449.330078,4320500
20-05-2020,2477.870117,2500.01001,2467.27002,2497.939941,2497.939941,3998100
21-05-2020,2500,2525.449951,2442.540039,2446.73999,2446.73999,5114400
22-05-2020,2455.01001,2469.850098,2430.129883,2436.879883,2436.879883,2867100
26-05-2020,2458,2462,2414.060059,2421.860107,2421.860107,3568200
27-05-2020,2404.98999,2413.580078,2330,2410.389893,2410.389893,5056900
28-05-2020,2384.330078,2436.969971,2378.22998,2401.100098,2401.100098,3190200
29-05-2020,2415.939941,2442.370117,2398.199951,2442.370117,2442.370117,3509900
01-06-2020,2448,2476.929932,2444.169922,2471.040039,2471.040039,2928900
02-06-2020,2467,2473.530029,2445.310059,2472.409912,2472.409912,2529900
03-06-2020,2468.01001,2488,2461.169922,2478.399902,2478.399902,2671000
04-06-2020,2477.429932,2507.540039,2450.01001,2460.600098,2460.600098,2948700
05-06-2020,2444.51001,2488.649902,2437.129883,2483,2483,3306400
08-06-2020,2500.199951,2530,2487.340088,2524.060059,2524.060059,3970700
09-06-2020,2529.439941,2626.429932,2525,2600.860107,2600.860107,5176000
10-06-2020,2645,2722.350098,2626.26001,2647.449951,2647.449951,4946000
11-06-2020,2603.5,2671.379883,2536.22998,2557.959961,2557.959961,5800100
12-06-2020,2601.209961,2621.47998,2503.350098,2545.02002,2545.02002,5436100
15-06-2020,2526.600098,2584,2508,2572.679932,2572.679932,3865100
16-06-2020,2620,2620,2576,2615.27002,2615.27002,3585600
17-06-2020,2647.5,2655,2631.820068,2640.97998,2640.97998,2959300
18-06-2020,2647.01001,2659.639893,2636.110107,2653.97998,2653.97998,2487800
19-06-2020,2678.080078,2697.429932,2659,2675.01001,2675.01001,5777000
22-06-2020,2684.5,2715,2669,2713.820068,2713.820068,3208800
23-06-2020,2726.02002,2783.110107,2718.040039,2764.409912,2764.409912,4231700
24-06-2020,2780,2796,2721,2734.399902,2734.399902,4526600
25-06-2020,2739.550049,2756.22998,2712.139893,2754.580078,2754.580078,2968700
26-06-2020,2775.060059,2782.570068,2688,2692.870117,2692.870117,6500800
29-06-2020,2690.01001,2696.800049,2630.080078,2680.379883,2680.379883,4223400
30-06-2020,2685.070068,2769.629883,2675.030029,2758.820068,2758.820068,3769700
01-07-2020,2757.98999,2895,2754,2878.699951,2878.699951,6363400
02-07-2020,2912.01001,2955.560059,2871.100098,2890.300049,2890.300049,6593400
06-07-2020,2934.969971,3059.879883,2930,3057.040039,3057.040039,6880600
07-07-2020,3058.550049,3069.550049,2990,3000.120117,3000.120117,5257500
08-07-2020,3022.610107,3083.969971,3012.429932,3081.110107,3081.110107,5037600
09-07-2020,3115.98999,3193.879883,3074,3182.629883,3182.629883,6388700
10-07-2020,3191.76001,3215,3135.699951,3200,3200,5486000
13-07-2020,3251.060059,3344.290039,3068.389893,3104,3104,7720400
14-07-2020,3089,3127.379883,2950,3084,3084,7231900
15-07-2020,3080.22998,3098.350098,2973.179932,3008.870117,3008.870117,5788900
16-07-2020,2971.060059,3032,2918.22998,2999.899902,2999.899902,6394200
17-07-2020,3009,3024,2948.449951,2961.969971,2961.969971,4761300
20-07-2020,3000.199951,3201.360107,2994.02002,3196.840088,3196.840088,7598200
21-07-2020,3232.48999,3240.580078,3105.719971,3138.290039,3138.290039,6121300
22-07-2020,3125,3150,3065.26001,3099.909912,3099.909912,4104200
23-07-2020,3098.27002,3098.27002,2970,2986.550049,2986.550049,5656900
24-07-2020,2930,3031.580078,2888,3008.909912,3008.909912,5632400
27-07-2020,3062,3098,3015.77002,3055.209961,3055.209961,4170500
28-07-2020,3054.27002,3077.090088,2995.76001,3000.330078,3000.330078,3126700
29-07-2020,3030.98999,3039.159912,2996.77002,3033.530029,3033.530029,2974100
30-07-2020,3014,3092,3005,3051.879883,3051.879883,6128300
31-07-2020,3244,3246.820068,3151,3164.679932,3164.679932,8085500
03-08-2020,3180.51001,3184,3104,3111.889893,3111.889893,5074700
04-08-2020,3101.209961,3167.23999,3101.209961,3138.830078,3138.830078,4694300
05-08-2020,3143.77002,3213.590088,3127.300049,3205.030029,3205.030029,3916500
06-08-2020,3194.360107,3247.469971,3165.429932,3225,3225,3940600
07-08-2020,3224.01001,3240.810059,3140.669922,3167.459961,3167.459961,3936100
10-08-2020,3170.310059,3172.51001,3101.52002,3148.159912,3148.159912,3167300
11-08-2020,3113.199951,3159.219971,3073,3080.669922,3080.669922,3718100
12-08-2020,3108,3174.389893,3101.419922,3162.23999,3162.23999,3522100
13-08-2020,3182.98999,3217.52002,3155,3161.02002,3161.02002,3149000
14-08-2020,3178.179932,3178.23999,3120,3148.02002,3148.02002,2751700
17-08-2020,3173.120117,3194.969971,3154.179932,3182.409912,3182.409912,2691200
18-08-2020,3212,3320,3205.820068,3312.48999,3312.48999,5346000
19-08-2020,3303.01001,3315.899902,3256,3260.47998,3260.47998,4185100
20-08-2020,3252,3312.620117,3238,3297.370117,3297.370117,3332500
21-08-2020,3295,3314.399902,3275.389893,3284.719971,3284.719971,3575900
24-08-2020,3310.149902,3380.320068,3257.560059,3307.459961,3307.459961,4666300
25-08-2020,3294.98999,3357.399902,3267,3346.48999,3346.48999,3992800
26-08-2020,3351.110107,3451.73999,3344.570068,3441.850098,3441.850098,6508700
27-08-2020,3450.050049,3453,3378,3400,3400,4264800
28-08-2020,3423,3433.370117,3386.5,3401.800049,3401.800049,2897000
31-08-2020,3408.98999,3495,3405,3450.959961,3450.959961,4185900
01-09-2020,3489.580078,3513.870117,3467,3499.120117,3499.120117,3432200
02-09-2020,3547,3552.25,3486.689941,3531.449951,3531.449951,3931500
03-09-2020,3485,3488.409912,3303,3368,3368,8161100
04-09-2020,3318,3381.5,3111.129883,3294.620117,3294.620117,8781800
08-09-2020,3144,3250.850098,3130,3149.840088,3149.840088,6094200
09-09-2020,3202.98999,3303.179932,3185,3268.610107,3268.610107,5188700
10-09-2020,3307.219971,3349.889893,3170.550049,3175.110107,3175.110107,5330700
11-09-2020,3208.689941,3217.340088,3083.97998,3116.219971,3116.219971,5094000
14-09-2020,3172.939941,3187.389893,3096,3102.969971,3102.969971,4529600
15-09-2020,3136.159912,3175.02002,3108.919922,3156.129883,3156.129883,4021500
16-09-2020,3179.98999,3187.23999,3074.149902,3078.100098,3078.100098,4512200
17-09-2020,3009.25,3029.429932,2972.550049,3008.72998,3008.72998,6449100
18-09-2020,3031.73999,3037.800049,2905.540039,2954.909912,2954.909912,8892600
21-09-2020,2906.5,2962,2871,2960.469971,2960.469971,6117900
22-09-2020,3033.840088,3133.98999,3000.199951,3128.98999,3128.98999,6948800
23-09-2020,3120.429932,3127,2992.379883,2999.860107,2999.860107,5652700
24-09-2020,2977.790039,3069.300049,2965,3019.790039,3019.790039,5529400
25-09-2020,3054.860107,3101.540039,2999,3095.129883,3095.129883,4615200
28-09-2020,3148.850098,3175.040039,3117.169922,3174.050049,3174.050049,4224200
29-09-2020,3175.389893,3188.26001,3132.540039,3144.879883,3144.879883,3495800
30-09-2020,3141.139893,3212.879883,3133.98999,3148.72998,3148.72998,4896100
01-10-2020,3208,3224,3172,3221.26001,3221.26001,4971900
02-10-2020,3153.629883,3195.800049,3123,3125,3125,5613100
05-10-2020,3145.840088,3202.530029,3140.850098,3199.199951,3199.199951,3775300
06-10-2020,3165,3182,3090,3099.959961,3099.959961,5086900
07-10-2020,3135,3200,3132.389893,3195.689941,3195.689941,4309400
08-10-2020,3224.98999,3233.290039,3174.98999,3190.550049,3190.550049,3174100
09-10-2020,3210,3288.98999,3197.830078,3286.649902,3286.649902,4907900
12-10-2020,3349.939941,3496.23999,3339.550049,3442.929932,3442.929932,8364200
13-10-2020,3467.98999,3492.379883,3424.219971,3443.629883,3443.629883,5744700
14-10-2020,3447,3464.879883,3340,3363.709961,3363.709961,5812700
15-10-2020,3292.01001,3355.879883,3280,3338.649902,3338.649902,5223400
16-10-2020,3363.22998,3399.659912,3160,3272.709961,3272.709961,6474400
19-10-2020,3299.610107,3329,3192.73999,3207.209961,3207.209961,5223600
20-10-2020,3222.280029,3266,3192.01001,3217.01001,3217.01001,4509700
21-10-2020,3212.5,3233.879883,3160,3184.939941,3184.939941,4592700
22-10-2020,3189.870117,3198.75,3121.939941,3176.399902,3176.399902,4212000
23-10-2020,3191,3205.330078,3140,3204.399902,3204.399902,3466700
26-10-2020,3198.73999,3282.97998,3153.300049,3207.040039,3207.040039,5901200
27-10-2020,3224.939941,3291.659912,3211.300049,3286.330078,3286.330078,4291000
28-10-2020,3249.300049,3264.02002,3162.469971,3162.780029,3162.780029,5588300
29-10-2020,3201.27002,3257.25,3164,3211.01001,3211.01001,6596500
30-10-2020,3157.75,3167,3019,3036.149902,3036.149902,8386400
02-11-2020,3061.73999,3079.709961,2950.120117,3004.47998,3004.47998,7257400
03-11-2020,3018.530029,3074.899902,2980.97998,3048.409912,3048.409912,4897900
04-11-2020,3159.98999,3244.850098,3139.72998,3241.159912,3241.159912,6839000
05-11-2020,3319.969971,3366.800049,3288.879883,3322,3322,5789300
06-11-2020,3304.639893,3322,3232,3311.370117,3311.370117,4647300
09-11-2020,3231.030029,3289,3112.110107,3143.73999,3143.73999,7190400
10-11-2020,3095.02002,3114,3019.47998,3035.02002,3035.02002,6591000
11-11-2020,3061.780029,3139.149902,3050,3137.389893,3137.389893,4366900
12-11-2020,3159.949951,3175.879883,3086.050049,3110.280029,3110.280029,4362000
13-11-2020,3122,3141.719971,3085.389893,3128.810059,3128.810059,3756200
16-11-2020,3093.199951,3142.699951,3072.689941,3131.060059,3131.060059,3808700
17-11-2020,3183.540039,3189.25,3135.26001,3135.659912,3135.659912,3444700
18-11-2020,3134,3140,3105.100098,3105.459961,3105.459961,2916800
19-11-2020,3105.310059,3125,3080.919922,3117.02002,3117.02002,3010300
20-11-2020,3117.02002,3132.889893,3098.050049,3099.399902,3099.399902,3374400
23-11-2020,3116.699951,3139.75,3065.459961,3098.389893,3098.389893,4708900
24-11-2020,3100.5,3134.25,3086.26001,3118.060059,3118.060059,3602100
25-11-2020,3141.870117,3198,3140.26001,3185.070068,3185.070068,3790400
27-11-2020,3211.26001,3216.189941,3190.050049,3195.340088,3195.340088,2392900
30-11-2020,3208.47998,3228.389893,3125.550049,3168.040039,3168.040039,4063900
01-12-2020,3188.5,3248.949951,3157.179932,3220.080078,3220.080078,4537000
02-12-2020,3221.649902,3232,3173.26001,3203.530029,3203.530029,3129300
03-12-2020,3205.459961,3228.639893,3181.310059,3186.72998,3186.72998,2892000
04-12-2020,3198.209961,3198.209961,3158.76001,3162.580078,3162.580078,2913600
07-12-2020,3156.47998,3180.76001,3141.689941,3158,3158,2751300
08-12-2020,3158.899902,3184.129883,3120.02002,3177.290039,3177.290039,3286300
09-12-2020,3167.889893,3174.429932,3088,3104.199951,3104.199951,4100800
10-12-2020,3088.98999,3142.100098,3076,3101.48999,3101.48999,3030200
11-12-2020,3096.659912,3118.669922,3072.820068,3116.419922,3116.419922,3064700
14-12-2020,3143,3190.469971,3126,3156.969971,3156.969971,4155800
15-12-2020,3181.01001,3188.5,3130.48999,3165.120117,3165.120117,3319500
16-12-2020,3176.01001,3247,3163.679932,3240.959961,3240.959961,4427600
17-12-2020,3250,3263.51001,3221,3236.080078,3236.080078,3474300
18-12-2020,3243.98999,3249.419922,3171.600098,3201.649902,3201.649902,5995700
21-12-2020,3200.01001,3226.969971,3166,3206.179932,3206.179932,3836800
22-12-2020,3202.840088,3222,3180.080078,3206.52002,3206.52002,2369400
23-12-2020,3205,3210.129883,3184.169922,3185.27002,3185.27002,2093800
24-12-2020,3193.899902,3202,3169,3172.689941,3172.689941,1451900
28-12-2020,3194,3304,3172.689941,3283.959961,3283.959961,5686800
29-12-2020,3309.939941,3350.649902,3281.219971,3322,3322,4872900
30-12-2020,3341,3342.100098,3282.469971,3285.850098,3285.850098,3209300
31-12-2020,3275,3282.919922,3241.199951,3256.929932,3256.929932,2957200
04-01-2021,3270,3272,3144.02002,3186.629883,3186.629883,4411400
05-01-2021,3166.01001,3223.379883,3165.060059,3218.51001,3218.51001,2655500
06-01-2021,3146.47998,3197.51001,3131.159912,3138.379883,3138.379883,4394800
07-01-2021,3157,3208.540039,3155,3162.159912,3162.159912,3514500
08-01-2021,3180,3190.639893,3142.199951,3182.699951,3182.699951,3537700
11-01-2021,3148.01001,3156.379883,3110,3114.209961,3114.209961,3683400
12-01-2021,3120,3142.139893,3086,3120.830078,3120.830078,3514600
13-01-2021,3128.439941,3189.949951,3122.080078,3165.889893,3165.889893,3321200
14-01-2021,3167.52002,3178,3120.590088,3127.469971,3127.469971,3070900
15-01-2021,3123.02002,3142.550049,3095.169922,3104.25,3104.25,4244000
19-01-2021,3107,3145,3096,3120.76001,3120.76001,3305100
20-01-2021,3181.98999,3279.800049,3175,3263.379883,3263.379883,5309800
21-01-2021,3293,3348.550049,3289.570068,3306.98999,3306.98999,4936100
22-01-2021,3304.310059,3321.909912,3283.159912,3292.22998,3292.22998,2821900
25-01-2021,3328.5,3363.889893,3243.149902,3294,3294,3749800
26-01-2021,3296.360107,3338,3282.870117,3326.129883,3326.129883,2955200
27-01-2021,3341.48999,3346.52002,3207.080078,3232.580078,3232.580078,4660200
28-01-2021,3235.040039,3301.679932,3228.689941,3237.620117,3237.620117,3149200
29-01-2021,3230,3236.98999,3184.550049,3206.199951,3206.199951,4293600
01-02-2021,3242.360107,3350.26001,3235.030029,3342.879883,3342.879883,4160200
02-02-2021,3380,3427.73999,3361.129883,3380,3380,7098600
03-02-2021,3425.01001,3434,3308.620117,3312.530029,3312.530029,7088800
04-02-2021,3330,3347,3277.75,3331,3331,3670700
05-02-2021,3319,3377,3302.709961,3352.149902,3352.149902,3620800
08-02-2021,3358.5,3365,3304,3322.939941,3322.939941,3257400
09-02-2021,3312.48999,3338,3297.840088,3305,3305,2203500
10-02-2021,3314,3317.949951,3254,3286.580078,3286.580078,3151600
11-02-2021,3292,3292,3248.060059,3262.129883,3262.129883,2301400
12-02-2021,3250,3280.25,3233.310059,3277.709961,3277.709961,2335300
16-02-2021,3254.050049,3308.300049,3253.590088,3268.949951,3268.949951,2574700
17-02-2021,3263.600098,3320.909912,3259.5,3308.639893,3308.639893,3297500
18-02-2021,3282.419922,3338,3273.939941,3328.22998,3328.22998,3027400
19-02-2021,3328.22998,3333.5,3245.75,3249.899902,3249.899902,4305200
22-02-2021,3208.129883,3232.320068,3172.26001,3180.73999,3180.73999,3515700
23-02-2021,3127.030029,3204.72998,3093.600098,3194.5,3194.5,4677200
24-02-2021,3166.75,3171.22998,3125.379883,3159.530029,3159.530029,3011300
25-02-2021,3136.73999,3178.26001,3047.76001,3057.159912,3057.159912,4533800
26-02-2021,3095.199951,3122.439941,3036.699951,3092.929932,3092.929932,4275900
01-03-2021,3127.889893,3149.560059,3097.98999,3146.139893,3146.139893,2729100
02-03-2021,3143.469971,3163.52002,3087.120117,3094.530029,3094.530029,2595800
03-03-2021,3081.179932,3107.780029,2995,3005,3005,3988700
04-03-2021,3012,3058.129883,2945.429932,2977.570068,2977.570068,5481600
05-03-2021,3005,3009,2881,3000.459961,3000.459961,5388600
08-03-2021,3015,3064.590088,2951.310059,2951.949951,2951.949951,4185000
09-03-2021,3017.98999,3090.959961,3005.149902,3062.850098,3062.850098,4030000
10-03-2021,3098.449951,3116.459961,3030.050049,3057.639893,3057.639893,3012500
11-03-2021,3104.01001,3131.780029,3082.929932,3113.590088,3113.590088,2776400
12-03-2021,3075,3098.97998,3045.5,3089.48999,3089.48999,2421900
15-03-2021,3074.570068,3082.23999,3032.090088,3081.679932,3081.679932,2913600
16-03-2021,3104.969971,3128.909912,3075.860107,3091.860107,3091.860107,2538800
17-03-2021,3073.219971,3173.050049,3070.219971,3135.72998,3135.72998,3118600
18-03-2021,3101,3116.629883,3025,3027.98999,3027.98999,3649600
19-03-2021,3029.22998,3077.290039,3016.629883,3074.959961,3074.959961,4625400
22-03-2021,3067.850098,3126.580078,3060.050049,3110.870117,3110.870117,2902200
23-03-2021,3127,3182,3120.850098,3137.5,3137.5,3817300
24-03-2021,3151.040039,3160.310059,3085.149902,3087.070068,3087.070068,2959000
25-03-2021,3072.98999,3109.780029,3037.139893,3046.26001,3046.26001,3563500
26-03-2021,3044.060059,3056.659912,2996,3052.030029,3052.030029,3312900
29-03-2021,3055.439941,3091.25,3028.449951,3075.72998,3075.72998,2746000
30-03-2021,3070.01001,3073,3034,3055.290039,3055.290039,2337600
31-03-2021,3064.060059,3119.330078,3062.5,3094.080078,3094.080078,3093900
01-04-2021,3117.939941,3162.439941,3115.550049,3161,3161,2940300
05-04-2021,3173,3235.959961,3161.23999,3226.72998,3226.72998,3334900
06-04-2021,3223.75,3247.310059,3217.040039,3223.820068,3223.820068,2537800
07-04-2021,3233.800049,3303.610107,3223.649902,3279.389893,3279.389893,3346200
08-04-2021,3310.899902,3324.5,3292,3299.300049,3299.300049,2812100
09-04-2021,3304.699951,3372.199951,3288.899902,3372.199951,3372.199951,4341500
12-04-2021,3355.209961,3395.040039,3351.149902,3379.389893,3379.389893,3281800
13-04-2021,3400.850098,3432,3395.629883,3400,3400,3315800
14-04-2021,3404.040039,3404.129883,3326,3333,3333,3145200
15-04-2021,3371,3397,3352,3379.090088,3379.090088,3233600
16-04-2021,3380,3406.800049,3355.590088,3399.439941,3399.439941,3186000
19-04-2021,3390.330078,3435.929932,3360.159912,3372.01001,3372.01001,2725400
20-04-2021,3373.600098,3382.98999,3316,3334.689941,3334.689941,2623000
21-04-2021,3316,3362.860107,3303.810059,3362.02002,3362.02002,2211200
22-04-2021,3371.679932,3372.870117,3301.449951,3309.040039,3309.040039,2580600
23-04-2021,3319.100098,3375,3308.5,3340.879883,3340.879883,3192800
26-04-2021,3348,3428.449951,3330.939941,3409,3409,4880700
27-04-2021,3443.469971,3460,3398.01001,3417.429932,3417.429932,3827100
28-04-2021,3434.800049,3489.879883,3425,3458.5,3458.5,4631900
29-04-2021,3505.100098,3514.449951,3435,3471.310059,3471.310059,7682400
30-04-2021,3525.120117,3554,3462.5,3467.419922,3467.419922,7009300
03-05-2021,3484.72998,3486.649902,3372.699951,3386.48999,3386.48999,5875500
04-05-2021,3356.189941,3367.97998,3272.129883,3311.870117,3311.870117,5439400
05-05-2021,3338.860107,3354.699951,3264.360107,3270.540039,3270.540039,3711300
06-05-2021,3270,3314.399902,3247.199951,3306.370117,3306.370117,4447700
07-05-2021,3319.090088,3330.889893,3289.070068,3291.610107,3291.610107,4710300
10-05-2021,3282.320068,3283,3190,3190.48999,3190.48999,5838600
11-05-2021,3136.280029,3238,3127.370117,3223.909912,3223.909912,4619800
12-05-2021,3185,3207.939941,3133.100098,3151.939941,3151.939941,4936400
13-05-2021,3185.469971,3203.840088,3133,3161.469971,3161.469971,3350900
14-05-2021,3185.560059,3228.860107,3183,3222.899902,3222.899902,3325000
17-05-2021,3245.929932,3292.75,3234.590088,3270.389893,3270.389893,3723900
18-05-2021,3292.580078,3312,3230.370117,3232.280029,3232.280029,2828400
19-05-2021,3195,3234.75,3184,3231.800049,3231.800049,2679700
20-05-2021,3244.399902,3259.679932,3236.179932,3247.679932,3247.679932,2633200
21-05-2021,3250,3256.689941,3197.01001,3203.080078,3203.080078,4104900
24-05-2021,3215.5,3257.949951,3210.5,3244.98999,3244.98999,2422800
25-05-2021,3266.669922,3279.820068,3213.76001,3259.050049,3259.050049,3261100
26-05-2021,3274.590088,3295.72998,3258.51001,3265.159912,3265.159912,2384000
27-05-2021,3256,3260.360107,3230.040039,3230.110107,3230.110107,2561200
28-05-2021,3242,3247.98999,3219.699951,3223.070068,3223.070068,2329800
01-06-2021,3243.5,3250.97998,3209.060059,3218.649902,3218.649902,2430000
02-06-2021,3223.100098,3235,3208,3233.98999,3233.98999,2014500
03-06-2021,3204.22998,3214.439941,3184.030029,3187.01001,3187.01001,2398300
04-06-2021,3212,3221,3198.810059,3206.219971,3206.219971,2249700
07-06-2021,3197.330078,3208,3172.199951,3198.01001,3198.01001,2215800
08-06-2021,3222.610107,3279.530029,3218.01001,3264.110107,3264.110107,3416700
09-06-2021,3272.870117,3297.580078,3270.699951,3281.149902,3281.149902,2455500
10-06-2021,3282.01001,3351,3281.149902,3349.649902,3349.649902,3476500
11-06-2021,3349.649902,3366.580078,3333.449951,3346.830078,3346.830078,2817400
14-06-2021,3346.830078,3385,3335.5,3383.870117,3383.870117,2569700
15-06-2021,3384,3396.98999,3363.110107,3383.129883,3383.129883,2426200
16-06-2021,3392,3426.350098,3360.530029,3415.25,3415.25,4202800
17-06-2021,3403.179932,3497.199951,3401,3489.23999,3489.23999,5136500
18-06-2021,3479.98999,3507,3473.709961,3486.899902,3486.899902,5247700
21-06-2021,3476.419922,3482,3434,3453.959961,3453.959961,3277100
22-06-2021,3458.060059,3523.780029,3456.090088,3505.439941,3505.439941,3345100
23-06-2021,3505,3521,3483.199951,3503.820068,3503.820068,2813300
24-06-2021,3507.639893,3524.860107,3430.850098,3449.080078,3449.080078,3832000
25-06-2021,3464,3464.820068,3394.179932,3401.459961,3401.459961,3941000
28-06-2021,3416,3448,3413.51001,3443.889893,3443.889893,2242800
29-06-2021,3438.820068,3456.030029,3423.030029,3448.139893,3448.139893,2098400
30-06-2021,3441.060059,3471.600098,3435,3440.159912,3440.159912,2404000
01-07-2021,3434.610107,3457,3409.419922,3432.969971,3432.969971,2037100
02-07-2021,3451.639893,3511.719971,3436.919922,3510.97998,3510.97998,3169400
06-07-2021,3530.110107,3685.47998,3529,3675.73999,3675.73999,6744800
07-07-2021,3717.379883,3734.199951,3678.909912,3696.580078,3696.580078,5328100
08-07-2021,3643.560059,3759.98999,3621.120117,3731.409912,3731.409912,5180600
09-07-2021,3722.52002,3748,3693.399902,3719.340088,3719.340088,3748200
12-07-2021,3744,3757.290039,3696.790039,3718.550049,3718.550049,2571600
13-07-2021,3702.100098,3773.080078,3671.320068,3677.360107,3677.360107,3845900
14-07-2021,3708.850098,3717.659912,3660.830078,3681.679932,3681.679932,3296600
15-07-2021,3694.199951,3695.399902,3620.919922,3631.199951,3631.199951,3185300
16-07-2021,3633.310059,3646.060059,3570.459961,3573.629883,3573.629883,4043700
19-07-2021,3532.580078,3550.209961,3499.159912,3549.590088,3549.590088,3784600
20-07-2021,3567.320068,3592,3518,3573.189941,3573.189941,3255700
21-07-2021,3576.379883,3586.449951,3543.639893,3585.199951,3585.199951,2319000
22-07-2021,3587.22998,3640.02002,3582.27002,3638.030029,3638.030029,3265400
23-07-2021,3640,3666.110107,3622.040039,3656.639893,3656.639893,2436300
26-07-2021,3673.169922,3712.080078,3647.25,3699.820068,3699.820068,2900100
27-07-2021,3698.5,3698.5,3586.149902,3626.389893,3626.389893,4131900
28-07-2021,3633.780029,3658.419922,3601,3630.320068,3630.320068,2999400
29-07-2021,3627.75,3637.949951,3580.01001,3599.919922,3599.919922,5520000
30-07-2021,3347.949951,3368.139893,3306.97998,3327.590088,3327.590088,9957100
02-08-2021,3353.100098,3358.919922,3317,3331.47998,3331.47998,3353900
03-08-2021,3340.719971,3391,3299.77002,3366.23999,3366.23999,4157300
04-08-2021,3379.350098,3388.879883,3345.560059,3354.719971,3354.719971,2183900
05-08-2021,3356.219971,3389,3340.919922,3375.98999,3375.98999,2433500
06-08-2021,3375,3375,3329.040039,3344.939941,3344.939941,2635300
09-08-2021,3343.610107,3354.879883,3328.52002,3341.870117,3341.870117,2148200
10-08-2021,3345.01001,3358,3315,3320.679932,3320.679932,2412600
11-08-2021,3331.449951,3337.699951,3277.790039,3292.110107,3292.110107,2947200
12-08-2021,3290,3314.51001,3269.669922,3303.5,3303.5,2314100
13-08-2021,3305.669922,3306.070068,3283,3293.969971,3293.969971,2052800
16-08-2021,3283,3300,3211.129883,3298.98999,3298.98999,3319700
17-08-2021,3277.5,3280.48999,3225.679932,3241.959961,3241.959961,3387900
18-08-2021,3241.98999,3254.100098,3200,3201.219971,3201.219971,2804300
19-08-2021,3194.02002,3233,3182.459961,3187.75,3187.75,3782900
20-08-2021,3203.870117,3207.810059,3175.76001,3199.949951,3199.949951,3341200
23-08-2021,3211.899902,3280.899902,3210.01001,3265.870117,3265.870117,3268100
24-08-2021,3280,3315.48999,3274.580078,3305.780029,3305.780029,2551800
25-08-2021,3309.870117,3321,3286.149902,3299.179932,3299.179932,1680300
26-08-2021,3299,3332,3296,3316,3316,2098800
27-08-2021,3333.22998,3352.320068,3313.75,3349.629883,3349.629883,2391300
30-08-2021,3357.429932,3445,3355.219971,3421.570068,3421.570068,3192200
31-08-2021,3424.800049,3472.580078,3395.590088,3470.790039,3470.790039,4356400
01-09-2021,3496.399902,3527,3475.23999,3479,3479,3629900
02-09-2021,3494.76001,3511.959961,3455,3463.120117,3463.120117,2923700
03-09-2021,3452,3482.669922,3436.439941,3478.050049,3478.050049,2575700
07-09-2021,3478,3528.090088,3476.939941,3509.290039,3509.290039,2737900
08-09-2021,3511.649902,3545.629883,3495.669922,3525.5,3525.5,3053400
09-09-2021,3526.02002,3549.98999,3480.370117,3484.159912,3484.159912,2719200
10-09-2021,3501.830078,3508.449951,3462.909912,3469.149902,3469.149902,2393300
13-09-2021,3482.800049,3497.959961,3438,3457.169922,3457.169922,2569000
14-09-2021,3475.550049,3486.810059,3437.709961,3450,3450,1936900
15-09-2021,3442.52002,3485.419922,3402.01001,3475.790039,3475.790039,2957500
16-09-2021,3459.959961,3492.550049,3446.139893,3488.23999,3488.23999,2583600
17-09-2021,3488.409912,3497.409912,3452.129883,3462.52002,3462.52002,4616600
20-09-2021,3396,3419,3305.01001,3355.72998,3355.72998,4669100
21-09-2021,3375,3379.699951,3332.389893,3343.629883,3343.629883,2780900
22-09-2021,3351,3389,3341.050049,3380.050049,3380.050049,2411400
23-09-2021,3380.050049,3428.959961,3380.050049,3416,3416,2379400
24-09-2021,3402.01001,3429.26001,3393.399902,3425.52002,3425.52002,2116200
27-09-2021,3371.5,3415.570068,3339.610107,3405.800049,3405.800049,3634500
28-09-2021,3357.709961,3369.189941,3290.100098,3315.959961,3315.959961,4430800
29-09-2021,3322.110107,3351.300049,3297.870117,3301.120117,3301.120117,2562300
30-09-2021,3316,3327.850098,3273.98999,3285.040039,3285.040039,2842400
01-10-2021,3289.01001,3309.169922,3255.939941,3283.26001,3283.26001,2835600
04-10-2021,3279.389893,3279.98999,3176.25,3189.780029,3189.780029,4523100
05-10-2021,3204.5,3260.72998,3202.459961,3221,3221,3269200
06-10-2021,3213.530029,3264.340088,3198.620117,3262.01001,3262.01001,2533000
07-10-2021,3291.540039,3325.75,3283.060059,3302.429932,3302.429932,2409100
08-10-2021,3317,3321.429932,3288.199951,3288.620117,3288.620117,1995500
11-10-2021,3275,3292.590088,3238.100098,3246.300049,3246.300049,2034200
12-10-2021,3257,3267.530029,3236.280029,3247.330078,3247.330078,1819600
13-10-2021,3269.709961,3288.379883,3261.090088,3284.280029,3284.280029,2420100
14-10-2021,3302.449951,3312.600098,3290.780029,3299.860107,3299.860107,2109500
15-10-2021,3311.419922,3410.419922,3304,3409.02002,3409.02002,5175100
18-10-2021,3388.360107,3449.169922,3385.100098,3446.73999,3446.73999,3174100
19-10-2021,3434.290039,3454.689941,3422,3444.149902,3444.149902,2386100
20-10-2021,3452.659912,3462.860107,3400.370117,3415.060059,3415.060059,2139800
21-10-2021,3414.25,3440.280029,3403,3435.01001,3435.01001,1881400
22-10-2021,3421,3429.840088,3331.300049,3335.550049,3335.550049,3133800
25-10-2021,3335,3347.800049,3297.699951,3320.370117,3320.370117,2226000
26-10-2021,3349.51001,3416.120117,3343.97998,3376.070068,3376.070068,2698300
27-10-2021,3388,3437,3371.449951,3392.48999,3392.48999,2702200
28-10-2021,3402.100098,3479,3386,3446.570068,3446.570068,5708700
29-10-2021,3300.02002,3374.820068,3273.320068,3372.429932,3372.429932,6469500
